path,bytes,sha256
README_UZ.md,1193,fbcf4a48fe98c99b5462b533f2bf11a10f24a34e11bdd58b2ed9cd8014f32d73
styles.css,5865,80ecafa50256f019c5acf8158af723825915b4294d5d8b6fc659ecd1dbc162f9
START_LOCAL.bat,214,6499191fe787be93b5bb25f9dd0d8191fb143d148aca35195e5f06609a0ff978
START_LOCAL.ps1,88,cfb6842f2e5adfaaef6a656f2c2fb55ffee7aca1eb5e9f8ba452f16f65e5c947
index.html,3548,0acaaa183998b94b17d7d50928ae598bd35d0aa614a94ea31aaec9a597f1a9bd
app.js,9270,e66c7cbd27f177c5d89df22c73f53cc98c9217c4549e684f6e86ae40838410a0
data/topic_config_10.json,6835,dbb7ba18112186c3ad90e1b4a2112cb8966033093543637be244331c0b81327e
data/cities_master_v2.geojson,13651,b2949b3839322a8a056b61bf25a559605b709f9d3387601fa2344bff0d0d5d74
data/states_master_v2.geojson,54599,c3568601ca9a82094e24c3a57247b847afebcc3f80b146ccfb08f47063d0647c
data/events_master_v2.geojson,15291,5fa9eee42556c20c3fff3a47e9cca9752d6581c458f0ed365c945d989d2157ce
data/media_manifest.json,42156,dfe1eadd3cdf12c359c66adace9698a1579d127997f59a7d1a35be632a286e44
data/thematic_points_v2.geojson,6045,88d8035a500d552a123895ec5265c877e99db3d7490e09f47a740520061f7087
data/master_all_features.geojson,103394,580cf843a57e1649bba258765d6d2125ec575b70d398d55c2e7c4506871a75df
data/routes_master_v2.geojson,7215,641604e99ed0fc9911bf3da3abada1e452eecf7d86aa9f9bfae4f633fbbd3f1a
assets/book/README_PDF.txt,588,ee30987f6ecce7eff3ad89cd82c10e0218320992155cab47ee6374555443d5d0
assets/images/generated/t06_chigatoy_savdo.png,3314739,87ec758c170edc5c3753bde4a06921e9811468772fed3f5b35f8570df02277c8
assets/images/generated/t09_turon_siyosiy.png,3009884,0523193dbf45716063272b8157f067259e1c3b6f17570cf482af00a487644b45
assets/images/generated/t10_samarqand.png,3071124,bc48b7ecc81fe6b5c2da282281c8d4981d3cc49a337ee76721de275d53c5a3cb
assets/images/generated/t07_chigatoy_bolinish.png,2956229,c9eb4cbbcefaa9302c0a96f5b9fb0d5d7ab01fa4e62852e2875ec95ec3f8a1cb
assets/images/generated/t08_ilm_fan.png,3102943,40518641285e22100edc555c2dac41b50cd3887e2b6bb0ed4b6f6b8d325939ab
assets/images/generated/t06_chigatoy_tashkil.png,3054982,454f4d5f0c5fd513a4af6d3b3998ae668555602185ca83a1042bc313d987a398
assets/images/generated/t10_temur_hokimiyat.png,3056275,1086e88666b82b02bf3fee67213b71a9f02c6da79f7c6cbf823813554a830254
assets/images/generated/t04_parvon.png,3112537,8fd6232a24b45cd107590861741e1ff5690b62e898c65aa37bcebeaef8b0167c
assets/images/generated/t04_jaloliddin_qahramonligi.png,3091915,b2265ba6f39b33c49695f4dd6d6a9dfcdc77c8f1b70b5cc7cdf9d35e11865d90
assets/images/generated/t09_sarbadorlar.png,3039871,f3933c8250454fe9abe981b74ddca3aa1970710cb9981b581239ffef9c216a61
assets/images/generated/t02_xorazm_mongol_munosabat.png,3028294,b43a06adf38b561b2dc3ce9886a3a68046f935376a4e9bb05e1ffc61f1e62ff6
assets/images/generated/t03_buxoro_samarqand.png,3094187,befef93572d5ec2082c75993aff0a87066c84c85abdf72b49768341b4bbc052e
assets/images/generated/t07_moguliston_hayot.png,3154934,91ef2ce7405e31eafd177053aabaf2507aca48978d1b4b3b82a144d8cf5a7934
assets/images/generated/t03_mudofaa_oqibat.png,3010277,1fb9c75a7ebc185ef368a4528263f15aa3a9e0453acd8de56945b963cf313972
assets/images/generated/t02_otror_voqeasi.png,3203691,5324620c6caf053ddf35fea912e5f0622ff9749da96f239c6c99559e242db032
assets/images/generated/t05_jaloliddin_yurishlari.png,3092946,2276668377a4aa51f5e1c95dde99688036ed2874bd03e5259df2d9f81255484d
assets/images/generated/t01_xorazm_siyosiy.png,2979569,da16add28b952169ea8892410aa593890c353d70404762021c7b528bc585e8dc
assets/images/generated/t08_rashididdin.png,3179888,f2a0fa4da2a3249bc7f290644083a507aea36eee7620eb5a45c89426252bf98d
assets/images/source/topic_02/src_t02_001.jpg,344875,763bc168001750a561d98c4f8674adb12cce988afa5cb826fe9b02cf77eae90b
assets/images/source/topic_02/src_t02_003.jpg,319486,390d7ff88867defb2024984afbd8a7ff759723452a2156ff95583721ef011cfb
assets/images/source/topic_02/src_t02_002.jpg,846530,1ba9ae7ab6a42067a32b9f868efe6af3db8154856642fc9c1e788a14ade0a701
assets/images/source/topic_09/src_t09_002.jpg,6993783,9ff8121a1d94621ee44f2501f6594f70978a05db24cb23d995ea6eeb2b10b90a
assets/images/source/topic_09/src_t09_001.png,563708,89a45e0e75e19f5179a580067c51c628db41f76917fdd7659e9602724e4d7a45
assets/images/source/topic_09/src_t09_004.jpg,5207914,68cc56473e3e663dd640b4d9fc43446d62ca0654eb2999c16e8ca6a297dfd9a7
assets/images/source/topic_09/src_t09_003.jpg,1854663,558cba69fff786a75452b13c7c75aa467011ba1ead7b8598699e28725fde14b7
assets/images/source/topic_10/src_t10_001.jpg,7066852,f25f8f5c9eaa879406c641828db6e55274582e74f67a3bfc4d5dfc943cee857d
assets/images/source/topic_10/src_t10_008.jpg,16309840,06898e212a63c7b6572a73f557faf2455cf47605a11073ebec3f4355fdc8ae5a
assets/images/source/topic_10/src_t10_003.png,889724,608e23a6fb9d6695840bd3322b975beadfb8b27520ab2b97d9fc690c8b87945b
assets/images/source/topic_10/src_t10_004.png,13959503,dbd54c52581825eac7f39c05298094c645cc3194a2fee87fbc921555b496f8dd
assets/images/source/topic_10/src_t10_002.png,973696,73393e1afd218d9e9314102447a5366ec3c90082c5383d61d0525de68b1724a8
assets/images/source/topic_10/src_t10_005.jpg,8181810,7e80876ab6ae167254735d2da6b31ee3572cb8a2b0fcc876a2de507fbef5033c
assets/images/source/topic_10/src_t10_007.jpg,2106244,84dad93ff5a44617ca605da2942289a5ba58777b02aa89eb249f2cce2460b4ab
assets/images/source/topic_10/src_t10_006.jpg,105026,a83c44f679380026c0147c090b91436eccbe0b648dc55642133b68f4297ca824
assets/images/source/topic_01/src_t01_007.jpeg,6469572,ed10765ba722713ec3e6f1e67a1c51b48e481c278617c362072d4dbcf6b81138
assets/images/source/topic_01/src_t01_004.svg,279341,070733193767ff7db92f77d9d4a6210e7410568bb81a4505cff15790230294a4
assets/images/source/topic_01/src_t01_006.jpg,220063,3af9135339dea95974376f5b08c78e99ab272e7efff8e7b242f7255d9da4e2c2
assets/images/source/topic_01/src_t01_001.jpeg,2814208,5b73df4214e3a982cf160cd27845c8d1b15722330674f6a8fce648002b405fca
assets/images/source/topic_01/src_t01_008.jpg,1859290,f9d4e528bbf416a337c78188b92577b437fb751dffe9f3ce75dd67513b56bf87
assets/images/source/topic_01/src_t01_005.svg,1444198,15c89f7196df5790736cc387e1191789a223bef141affd8c5afaa4d7dd76eb39
assets/images/source/topic_01/src_t01_003.png,16779948,1f95d876d2f3e8138796c159a895a353c0e3bf024d6ba39aed3e3ef6dd92a9db
assets/images/source/topic_01/src_t01_002.png,14004074,41b455bd60b9bbf0cbc4ead096160d8b1367e89c9056bf0e237a31824510d39c
assets/images/source/topic_01/src_t01_009.jpg,306522,2aa7440bf6929b2b50b9c6438226746b3f75404b964fd94253119c4c91eb6068
assets/images/source/topic_04/src_t04_003.jpg,1361190,bf72fc81574011db3ad0c3de4916755c90ae3d6eed18903c77686a19dedd51fe
assets/images/source/topic_04/src_t04_005.jpg,288354,fc1b915057d8137f36c09587ed9ccac6e2f8adf385cd7095cddbf31fd38432c7
assets/images/source/topic_04/src_t04_006.jpg,1304594,f65e8596631154f877f8d13a6ae0078968449f7f2237c60768a70484de075119
assets/images/source/topic_04/src_t04_002.jpg,94502,aedceeac9c810832212280864077ee70c19f7c07ed31fe667629888bab4772b5
assets/images/source/topic_04/src_t04_001.jpg,980434,b78d73e33035fc2c7d5ad17c5f1ac1a5127c9e54040f37070525916d633f556c
assets/images/source/topic_04/src_t04_004.jpg,3789507,3662c650831af758b9781fbb883c7e3e368c0ee567277b72f5f2546904da456e
assets/images/source/topic_04/src_t04_007.jpg,143787,db923d3ff7286a6b8cc4b9946f503e3a6b49211a3eca36c1f91db88fbe246257
assets/images/source/topic_05/src_t05_002.jpg,122304,c97497b109810e3566e177c7ebe82aa9711abb52be8ea2a994e6c34aedebd60c
assets/images/source/topic_05/src_t05_001.jpg,623586,c314db60fe145dae2ff1b4d46cd18d0bdd978c5331ec2984dcf4d105917f709e
assets/images/source/topic_07/src_t07_002.png,1825204,780d1b0e75e1bb7c68e0e3da252f5bde19011098ee241248367de3facd18d0a2
assets/images/source/topic_07/src_t07_004.png,1297132,2382071443c9d25f6c52961cd0f8af7205bcf97fb9f4b70dfe5c1658b2c33c12
assets/images/source/topic_07/src_t07_005.png,1329270,19cc634664d23de9f7cdfe5e100035e388aa04a41f79ee54fd3a6155f290c87f
assets/images/source/topic_07/src_t07_006.jpg,195024,403b45d024ad98d4dae698a1a0b50887ab21c2f8d089d8251bb18a41c5d5b316
assets/images/source/topic_07/src_t07_007.png,37631,79ccc82aa33b94824547b6cd13582952e34866b16269080423bc12e5cac4f188
assets/images/source/topic_07/src_t07_003.png,1280808,7a9c6fa1005d0ac7eacedb9f93627eebf2d28777eb0ef477d6d25f876fb44a62
assets/images/source/topic_07/src_t07_008.svg,1083858,d4b57e4c79dfabafa3f743033d1d500320322003ffd6df638eb220d5a9a6da32
assets/images/source/topic_07/src_t07_001.jpg,4118562,3ab0483ef3c1d776fb859a979c77d5b7c4d64219a7f6f8dbb3f3d752ed28fa0d
assets/images/source/topic_07/src_t07_009.jpg,3326843,4fc2d78d0f225af7c2b2c41d7d2f9ae2b5f57c371cc45eef31a4d93d926c3c20
assets/images/source/topic_06/src_t06_003.jpg,365648,6d0161809125614ebe6c3d156c36bed478050d9b4625e4c41fd3253d234633ce
assets/images/source/topic_06/src_t06_001.png,15522610,61812b6011a8e3f7bb2844dbe6ef7c391faa5f2766345b7d6c4c26cbc2f1dd0f
assets/images/source/topic_06/src_t06_005.svg,479552,8f4781e856ab4871e11e88ee120830d55205143a3c75ee5844618159d6250da3
assets/images/source/topic_06/src_t06_007.png,20562,5650a06f6d61813902dd114a8e9680014dcbb9f907f7dfb20133dc83131c7fe8
assets/images/source/topic_06/src_t06_006.jpg,9017892,7d9848473612e92f43c84fc1ee722649cce867913ab36e40a629a9cff4e19758
assets/images/source/topic_06/src_t06_002.png,15148296,3564cb4032d5d4553ec194a48f5d6d956fa31b78b28cbc3862055426c53fb1e8
assets/images/source/topic_06/src_t06_004.png,10010714,90d8554bb8a86f15508c2b05dfdbfc861678ef1424aae743a018b3d7f9807239
assets/images/source/topic_08/src_t08_003.jpg,3092526,94275129bb72031877300b83dc2bef4951b5a073784994c9f1f9f06f0b9331fa
assets/images/source/topic_08/src_t08_001.png,301031,c445aa3feebad1c4487ceace0f1e9cea07c4dcc1e8ed506980ef1dda9ab17bb1
assets/images/source/topic_08/src_t08_005.jpg,4049604,3ce6d7463f3e484351fdc76df17d46cc7fd0e6f2ac88345ad36516c7a5917383
assets/images/source/topic_08/src_t08_007.jpg,82800,ff5157d4fbdde1a58935795feea6c981205dea9feea58f117ff042569247b23e
assets/images/source/topic_08/src_t08_002.jpg,575446,12f52b1818cd81eb54fbdcc54b2189a97ab7cc8f81e96287e0fd53b08ab5a720
assets/images/source/topic_08/src_t08_004.jpg,2493164,06df53f68484637cf3e398c4eade7a1535c63ff69181f068b589c6e41befd442
assets/images/source/topic_08/src_t08_006.jpg,327523,f107cd25cdb70d5a4920e1f12bc081282346a4cc679d476b5c402b649e5f3678
assets/images/source/topic_03/src_t03_004.jpg,5598099,8ba116d3bddd9abe341e6fb38ab190584782a602bb1c8882e696eb62bafbee97
assets/images/source/topic_03/src_t03_001.png,104022,ea97c2d68c9f1e9511b53e97cda907bee4a921453d5e1ee20025ce8a212df507
assets/images/source/topic_03/src_t03_002.jpg,217119,3ed52d54a1ce2ac1f68a7dff7aff7a3ee6cffbb71b70a0fc74f99a56484ab893
assets/images/source/topic_03/src_t03_003.jpg,5386081,5550f02340443949f4e2be361b76b8160b78b291e1db2b79b732a781eab9d2dc
